(DEPRECATED bruk v2) KS Fiks: Innsyn Index Service,https://developers.fiks.ks.no/api/innsyn-index-api-v1.json
API for Fiks-porten klienter,https://developers.fiks.ks.no/api/fiks-porten-klient-admin-api-v1.json
Fiks API for eksterne tjenester og apper,https://developers.fiks.ks.no/api/leverandor-tjenester-api-v1.json
Fiks API for å hente apper en bruker har tilgang til,https://developers.fiks.ks.no/api/konsument-bruker-api-v1.json
Fiks API,https://developers.fiks.ks.no/api/fiks-common.json
Fiks Kjoretoyregister service,https://developers.fiks.ks.no/api/kjoretoyregister-api-v1.json
Fiks Land,https://developers.fiks.ks.no/api/land-service-api-v1.json
Fiks Landkode,https://developers.fiks.ks.no/api/landkoder-service-api-v1.json
Fiks Register Kjoretoyregister service,https://developers.fiks.ks.no/api/register-kjoretoyregister-api-v1.json
Fiks folkeregister hendelser service,https://developers.fiks.ks.no/api/folkeregister-hendelser-api-v1.json
Fiks register KRR service,https://developers.fiks.ks.no/api/register-krr-api-v1.json
Fiks register aggregat service,https://developers.fiks.ks.no/api/register-aggregat-api-v1.json
Fiks register egenandelsgrunnlag service,https://developers.fiks.ks.no/api/register-egenandelsgrunnlag-api-v1.json
Fiks register egenandelsgrunnlag service,https://developers.fiks.ks.no/api/register-skatteoginntektsopplysninger-egenandelsgrunnlag-api-v1.json
Fiks register konfigurasjon service,https://developers.fiks.ks.no/api/register-konfigurasjon-api-v1.json
Fiks register oppslag service,https://developers.fiks.ks.no/api/register-rolle-oppslag-api-v1.json
Fiks register skatte- og inntektsopplysninger beregning service,https://developers.fiks.ks.no/api/register-skatteoginntektsopplysninger-beregning-api-v1.json
Fiks register skatte- og inntektsopplysninger beregning service,https://developers.fiks.ks.no/api/register-skatteoginntektsopplysninger-beregning-api-v2.json
Fiks register summert skattegrunnlag service,https://developers.fiks.ks.no/api/register-summert-skattegrunnlag-api-v1.json
Fiks register summert skattegrunnlag service,https://developers.fiks.ks.no/api/register-summert-skattegrunnlag-api-v2.json
Fiks register verifisering service,https://developers.fiks.ks.no/api/register-verifisering-api-v1.json
Fiks skjema avtaler - API,https://developers.fiks.ks.no/api/avtaler-api-v1.json
Fiks skjema avtaler - API,https://developers.fiks.ks.no/api/skjema-api-v1.json
Fiks tilbakemelding,https://developers.fiks.ks.no/api/tilbakemelding-api-v1.json
Fiks tilgangstjeneste,https://developers.fiks.ks.no/api/fiks-tilgang-api-v1.json
Fiks tilgangstjeneste,https://developers.fiks.ks.no/api/kominn-tilgang-api-v1.json
Folkeregisteret - lesemodell uten taushetsbelagt,https://developers.fiks.ks.no/api/skatt-folkeregister-offentlig-uten-hjemmel.json
Folkeregisteret - offentlig med hjemmel,https://developers.fiks.ks.no/api/skatt-folkeregister-offentlig-med-hjemmel.json
Folkeregisteret - rettighetspakke offentlig med hjemmel,https://developers.fiks.ks.no/api/offentlig-med-hjemmel-swagger-v1.json
Folkeregisteret - rettighetspakke offentlig uten hjemmel,https://developers.fiks.ks.no/api/offentlig-uten-hjemmel-swagger-v1.json
KS Dokumentdeling,https://developers.fiks.ks.no/api/dokumentdeling-tilgang-api-v1.json
KS Dokumentlager,https://developers.fiks.ks.no/api/dokumentlager-tilgang-api-v1.json
KS FIKS: Adresse service,https://developers.fiks.ks.no/api/adresse-api-v1.json
KS FIKS: Avtale data,https://developers.fiks.ks.no/api/public-avtale-api-v1.json
KS FIKS: BRREG Service,https://developers.fiks.ks.no/api/brreg-api-v1.json
KS FIKS: BRREG Service,https://developers.fiks.ks.no/api/brreg-enhetsregisteret-api-v1.json
KS FIKS: Barnevern Innbygger Service,https://developers.fiks.ks.no/api/barnevern-innbygger-api-v1.json
KS FIKS: Barnevern konfigurasjon service,https://developers.fiks.ks.no/api/barnevern-konfigurasjon-api-v1.json
KS FIKS: Barnevern konfigurasjon service,https://developers.fiks.ks.no/api/barnevern-protokoll-konfigurasjon-api-v1.json
KS FIKS: Barnevern service,https://developers.fiks.ks.no/api/barnevern-api-v1.json
KS FIKS: Bekymringsmelding Svarinn mottak service,https://developers.fiks.ks.no/api/bekymringsmelding-svarinn-mottak-api-v1.json
KS FIKS: Bekymringsmelding admin,https://developers.fiks.ks.no/api/bekymringsmelding-mottak-admin-api-v2.json
KS FIKS: Bekymringsmelding kommune service,https://developers.fiks.ks.no/api/bekymringsmelding-kommune-api-v1.json
KS FIKS: Bekymringsmelding kommune service,https://developers.fiks.ks.no/api/bekymringsmelding-kommune-api-v2.json
KS FIKS: Bekymringsmelding konfigurasjon service,https://developers.fiks.ks.no/api/bekymringsmelding-konfigurasjon-api-v1.json
KS FIKS: Bekymringsmelding konfigurasjon service,https://developers.fiks.ks.no/api/bekymringsmelding-konfigurasjon-api-v2.json
KS FIKS: Bekymringsmelding mottak fagsystem service,https://developers.fiks.ks.no/api/bekymringsmelding-mottak-fagsystem-api-v1.json
KS FIKS: Bekymringsmelding mottak fagsystem service,https://developers.fiks.ks.no/api/bekymringsmelding-mottak-fagsystem-api-v2.json
KS FIKS: Bekymringsmelding mottak skjema,https://developers.fiks.ks.no/api/bekymringsmelding-mottak-skjema-api-v1.json
KS FIKS: Bekymringsmelding mottak skjema,https://developers.fiks.ks.no/api/bekymringsmelding-mottak-skjema-api-v2.json
KS FIKS: Demo service,https://developers.fiks.ks.no/api/demo-api-v1.json
KS FIKS: FIKS IO meldingsprotokoll-katalog,https://developers.fiks.ks.no/api/fiksio-meldingsprotokoll-katalog-api-v1.json
KS FIKS: Fiks IO manuell,https://developers.fiks.ks.no/api/fiksio-manuell-api-v1.json
KS FIKS: Folkeregister konfigurasjon service,https://developers.fiks.ks.no/api/folkeregister-konfigurasjon-api-v1.json
KS FIKS: Folkeregister konfigurasjon service,https://developers.fiks.ks.no/api/folkeregister-konfigurasjon-api-v2.json
KS FIKS: Folkeregister konfigurasjon service,https://developers.fiks.ks.no/api/folkeregister-konfigurasjon-api-v3.json
KS FIKS: Frontend logging service,https://developers.fiks.ks.no/api/frontend-logging-api-v1.json
KS FIKS: Grafisk Digital Integrasjon,https://developers.fiks.ks.no/api/print-grafisk-digital-api-v1.json
KS FIKS: Innsynsforespoersel konfigurasjon service,https://developers.fiks.ks.no/api/innsynsforespoersel-konfigurasjon-api-v1.json
KS FIKS: KRR Service,https://developers.fiks.ks.no/api/krr-api-v1.json
KS FIKS: KS Læring Orgstruktur service,https://developers.fiks.ks.no/api/orgstruktur-api-v1.json
KS FIKS: KS Læring provisjonering,https://developers.fiks.ks.no/api/kslaering-provisjonering-api-v1.json
KS FIKS: Kommunale Tjenester Administrasjon Service,https://developers.fiks.ks.no/api/kommunale-tjenester-administrasjon-api-v1.json
KS FIKS: Kommunale Tjenester,https://developers.fiks.ks.no/api/kommunale-tjenester-innbygger-api-v1.json
KS FIKS: Kommuneregister Service,https://developers.fiks.ks.no/api/kommuneregister-api-v2.json
KS FIKS: Kompetent synkronisering konfigurasjon service,https://developers.fiks.ks.no/api/kompetent-synkronisering-konfigurasjon-api-v1.json
KS FIKS: Kompetent synkronisering service,https://developers.fiks.ks.no/api/kompetent-synkronisering-api-v1.json
KS FIKS: Logging proxy service,https://developers.fiks.ks.no/api/logging-proxy-api-v1.json
KS FIKS: Print admin service,https://developers.fiks.ks.no/api/print-admin-api-v1.json
KS FIKS: Print leverandør service,https://developers.fiks.ks.no/api/print-leverandor-api-v1.json
KS FIKS: Print service,https://developers.fiks.ks.no/api/print-api-v1.json
KS FIKS: Send-service,https://developers.fiks.ks.no/api/bekymringsmelding-send-api-v1.json
KS FIKS: Send-service,https://developers.fiks.ks.no/api/send-api-v1.json
KS FIKS: Signert avtale service,https://developers.fiks.ks.no/api/avtale-api-v1.json
KS FIKS: Tjenester service,https://developers.fiks.ks.no/api/tjenesteoversikt-api-v1.json
KS FIKS: matrikkelurl Service,https://developers.fiks.ks.no/api/matrikkelkonfigurasjon-api-v1.json
KS FIKS: matrikkelurl Service,https://developers.fiks.ks.no/api/matrikkelurler-api-v1.json
KS Fiks Melding: Send brev - Ferdig adresserte brev,https://developers.fiks.ks.no/api/send-brev-api-v1-adresserte-brev.json
KS Fiks Melding: Send brev konfigurasjon service,https://developers.fiks.ks.no/api/send-brev-konfigurasjon-api-v1.json
KS Fiks Melding: Send brev service,https://developers.fiks.ks.no/api/send-brev-api-v1.json
KS Fiks SvarUt: Manuell forsendelse service,https://developers.fiks.ks.no/api/manuell-forsendelse-api-v1.json
KS Fiks folkeregister krr,https://developers.fiks.ks.no/api/folkeregister-krr-api-v1.json
KS Fiks folkeregister oppvekst,https://developers.fiks.ks.no/api/folkeregister-oppvekst-api-v1.json
KS Fiks folkeregister person-soek service,https://developers.fiks.ks.no/api/folkeregister-person-soek-api-v1.json
KS Fiks folkeregister uttrekk service,https://developers.fiks.ks.no/api/folkeregister-uttrekk-api-v1.json
KS Fiks register innbyggerliste service,https://developers.fiks.ks.no/api/register-innbyggerliste-api-v1.json
KS Fiks register,https://developers.fiks.ks.no/api/register-api-v1.json
KS Fiks: Aktiverte tjenester,https://developers.fiks.ks.no/api/tjeneste-aktivert-api-v1.json
KS Fiks: Audit Index service,https://developers.fiks.ks.no/api/openapi-audit-index-v1.json
KS Fiks: Audit Index service,https://developers.fiks.ks.no/api/openapi-audit-index-v2.json
KS Fiks: Audit Sok service,https://developers.fiks.ks.no/api/openapi-audit-sok-v1.json
KS Fiks: Autorisasjon query service for grupper,https://developers.fiks.ks.no/api/autorisasjon-query-gruppe-api-v1.json
KS Fiks: Autorisasjon query service,https://developers.fiks.ks.no/api/autorisasjon-query-api-v1.json
KS Fiks: Autorisasjon update service for eksterne brukere,https://developers.fiks.ks.no/api/autorisasjon-update-eksternbruker-api-v1.json
KS Fiks: Autorisasjon update service for eksterne brukere,https://developers.fiks.ks.no/api/autorisasjon-update-fiksorg-api-v1.json
KS Fiks: Autorisasjon update service for grupper,https://developers.fiks.ks.no/api/autorisasjon-update-gruppe-api-v1.json
KS Fiks: Autorisasjon update service,https://developers.fiks.ks.no/api/autorisasjon-update-api-v1.json
KS Fiks: Barnevern Evaluering,https://developers.fiks.ks.no/api/barnevern-evaluering-api-v1.json
KS Fiks: Chat Konfigurasjon,https://developers.fiks.ks.no/api/chat-konfigurasjon-api-v1.json
KS Fiks: Chat Konfigurasjon,https://developers.fiks.ks.no/api/chat-konfigurasjon-chatbruker-api-v1.json
KS Fiks: Chat Konfigurasjon,https://developers.fiks.ks.no/api/chat-konfigurasjon-ekstern-api-v1.json
KS Fiks: Chat Konfigurasjon,https://developers.fiks.ks.no/api/chat-konfigurasjon-intern-api-v1.json
KS Fiks: Chat Konfigurasjon,https://developers.fiks.ks.no/api/chat-konfigurasjon-saksbehandler-api-v1.json
KS Fiks: DHIS2 Konfigurasjon Service,https://developers.fiks.ks.no/api/dhis2-konfigurasjon-api-v1.json
KS Fiks: DHIS2 Vaksine Service,https://developers.fiks.ks.no/api/dhis2-konfigurasjon-api-tisk-v1.json
KS Fiks: DHIS2 import,https://developers.fiks.ks.no/api/dhis2-import-api-v1.json
KS Fiks: DPI Config,https://developers.fiks.ks.no/api/dpi-api-v1.json
KS Fiks: Digisos Admin Service,https://developers.fiks.ks.no/api/digisos-admin-api-v1.json
KS Fiks: Digisos Internal Service,https://developers.fiks.ks.no/api/digisos-internal-api-v1.json
KS Fiks: Digisos Konfigurasjon Service,https://developers.fiks.ks.no/api/digisos-konfigurasjon-api-v1.json
KS Fiks: Digisos Service,https://developers.fiks.ks.no/api/digisos-api-v1.json
KS Fiks: Digisos Service,https://developers.fiks.ks.no/api/digisos-mellomlagring-api-v1.json
KS Fiks: Digisos Service,https://developers.fiks.ks.no/api/digisos-sak-api-v1.json
KS Fiks: Doedsregister Konfigurasjon,https://developers.fiks.ks.no/api/doedsregister-api-v1.json
KS Fiks: Dokumentdeling,https://developers.fiks.ks.no/api/dokumentdeling-api-v1.json
KS Fiks: Dokumentlager Konto,https://developers.fiks.ks.no/api/dokumentlager-konto-api-v1.json
KS Fiks: Dokumentlager Stats,https://developers.fiks.ks.no/api/dokumentlager-stats-api-v1.json
KS Fiks: FIKS IO Konto Service,https://developers.fiks.ks.no/api/fiksio-konto-api-v1.json
KS Fiks: FIKS IO Root Service,https://developers.fiks.ks.no/api/fiksio-konto-root-api-v1.json
KS Fiks: Fiks Forget service,https://developers.fiks.ks.no/api/forget-api-v1.json
KS Fiks: Fiks IO Katalog service,https://developers.fiks.ks.no/api/fiksio-katalog-api-v1.json
KS Fiks: Fiks administrator service V1,https://developers.fiks.ks.no/api/konfigurasjon-fiks-admin-api-v1.json
KS Fiks: Fullmakt Service,https://developers.fiks.ks.no/api/fullmakt-api-v1.json
KS Fiks: Innreise,https://developers.fiks.ks.no/api/innreise-api-v1.json
KS Fiks: Innsyn Barnevern-søk,https://developers.fiks.ks.no/api/openapi-sok-barnevern-v1.json
KS Fiks: Innsyn Byggesak søk service - skal fases ut,https://developers.fiks.ks.no/api/openapi-sok-byggesak-v1.json
KS Fiks: Innsyn Delete-service,https://developers.fiks.ks.no/api/innsyn-delete-api-v1.json
KS Fiks: Innsyn Driftsmelding konfigurasjon service,https://developers.fiks.ks.no/api/openapi-sok-driftsmelding-konfigurasjon-v1.json
KS Fiks: Innsyn Eiendom søk service,https://developers.fiks.ks.no/api/openapi-sok-eiendom-v1.json
KS Fiks: Innsyn Faktura søk service,https://developers.fiks.ks.no/api/openapi-sok-faktura-v1.json
KS Fiks: Innsyn Index Forvaltning Service,https://developers.fiks.ks.no/api/innsyn-index-forvaltning-api-v1.json
KS Fiks: Innsyn Index Service,https://developers.fiks.ks.no/api/innsyn-index-api-v2.json
KS Fiks: Innsyn Kommunale tjenester søk service,https://developers.fiks.ks.no/api/openapi-sok-kommunaltjeneste-v1.json
KS Fiks: Innsyn Mappe søk service,https://developers.fiks.ks.no/api/openapi-sok-mappe-v1.json
KS Fiks: Innsyn Multi-søk service,https://developers.fiks.ks.no/api/openapi-sok-multi-v1.json
KS Fiks: Innsyn Oppslag-service,https://developers.fiks.ks.no/api/openapi-oppslag-v1.json
KS Fiks: Innsyn Post Fra Kommunen søk service,https://developers.fiks.ks.no/api/openapi-sok-journalpost-v1.json
KS Fiks: Innsyn Post fra kommuenen søk-service,https://developers.fiks.ks.no/api/openapi-sok-post-v1.json
KS Fiks: Innsyn Skjema-søk service,https://developers.fiks.ks.no/api/openapi-manuell-nedlasting-bekreft-v1.json
KS Fiks: Innsyn Skjema-søk service,https://developers.fiks.ks.no/api/openapi-sok-skjema-v1.json
KS Fiks: Innsyn Stats Service,https://developers.fiks.ks.no/api/innsyn-stats-api-v1.json
KS Fiks: Innsyn søk service,https://developers.fiks.ks.no/api/openapi-sok-legacy-v1.json
KS Fiks: Innsynsforespørsler,https://developers.fiks.ks.no/api/journalpost-innsyn-api-v1.json
KS Fiks: Katjing pris-administrasjon api,https://developers.fiks.ks.no/api/katjing-api-v1.json
KS Fiks: Katjing pris-administrasjon api,https://developers.fiks.ks.no/api/katjing-priser-api-v1.json
KS Fiks: Katjing pris-administrasjon api,https://developers.fiks.ks.no/api/katjing-produkter-api-v1.json
KS Fiks: Klinikermelding,https://developers.fiks.ks.no/api/klinikermelding-api-v1.json
KS Fiks: Konfigurasjon Service,https://developers.fiks.ks.no/api/integrasjon-autentisering-api-v1.json
KS Fiks: Konfigurasjon Service,https://developers.fiks.ks.no/api/konfigurasjon-api-v1.json
KS Fiks: Ledsagerbevis Konfigurasjon,https://developers.fiks.ks.no/api/ledsagerbevis-config-api-v1.json
KS Fiks: Ledsagerbevis Konfigurasjon,https://developers.fiks.ks.no/api/ledsagerbevis-konfigurasjon-api-v1.json
KS Fiks: Ledsagerbevis,https://developers.fiks.ks.no/api/ledsagerbevis-api-v1.json
KS Fiks: Manuelt mottak av bekymringsmeldinger,https://developers.fiks.ks.no/api/openapi-bekymringsmelding-manuell-mottak-forvaltning-v1.json
KS Fiks: Matrikkel Kart Oppslag,https://developers.fiks.ks.no/api/matrikkel-kart-api-v1.json
KS Fiks: Matrikkel eier service,https://developers.fiks.ks.no/api/matrikkel-eier-api-v1.json
KS Fiks: Matrikkel oppslag,https://developers.fiks.ks.no/api/matrikkel-eier-oppslag-api-v1.json
KS Fiks: Melding-Konfigurasjon,https://developers.fiks.ks.no/api/melding-konfigurasjon-folkeregister-api-v1.json
KS Fiks: Mine Kommuner Service,https://developers.fiks.ks.no/api/mine-kommuner-api-v1.json
KS Fiks: OAuth Token Service,https://developers.fiks.ks.no/api/oauth-management-api-v1.json
KS Fiks: Person administrasjon service V2,https://developers.fiks.ks.no/api/konfigurasjon-personadministrasjon-api-v2.json
KS Fiks: Person administrasjon service V3,https://developers.fiks.ks.no/api/konfigurasjon-personadministrasjon-api-v3.json
KS Fiks: Person administrasjon service V3,https://developers.fiks.ks.no/api/tilganger-api-v1.json
KS Fiks: Postnummer,https://developers.fiks.ks.no/api/postnummer-api-v1.json
KS Fiks: Print Stralfors,https://developers.fiks.ks.no/api/print-stralfors-admin-api-v1.json
KS Fiks: Print Stralfors,https://developers.fiks.ks.no/api/print-stralfors-api-v1.json
KS Fiks: Print Stralfors,https://developers.fiks.ks.no/api/print-stralfors-kostnad-api-v1.json
KS Fiks: Protokoll - Root,https://developers.fiks.ks.no/api/fiks-protokoll-root-api-v1.json
KS Fiks: Protokoll - Root,https://developers.fiks.ks.no/api/protokoll-root-api-v1.json
KS Fiks: Protokoll,https://developers.fiks.ks.no/api/fiks-protokoll-konfigurasjon-api-v1.json
KS Fiks: Protokoll,https://developers.fiks.ks.no/api/fiks-protokoll-konfigurasjon-internal-api-v1.json
KS Fiks: Protokoll,https://developers.fiks.ks.no/api/fiks-protokoll-konfigurasjon-kun-person-api-v1.json
KS Fiks: Protokoll,https://developers.fiks.ks.no/api/protokoll-api-v1.json
KS Fiks: Protokoll,https://developers.fiks.ks.no/api/protokoll-konfigurasjon-api-v1.json
KS Fiks: Provesvar,https://developers.fiks.ks.no/api/provesvar-api-v1.json
KS Fiks: Ressurstilgang service V3,https://developers.fiks.ks.no/api/konfigurasjon-ressurstilgang-api-v3.json
KS Fiks: Samtykke Service,https://developers.fiks.ks.no/api/samtykke-api-v1.json
KS Fiks: Samtykke,https://developers.fiks.ks.no/api/samtykke-ekstern-api-v1.json
KS Fiks: Samtykke,https://developers.fiks.ks.no/api/samtykke-innbygger-api-v1.json
KS Fiks: Samtykke,https://developers.fiks.ks.no/api/samtykke-intern-api-v1.json
KS Fiks: Samtykke,https://developers.fiks.ks.no/api/samtykke-konfigurasjon-api-v1.json
KS Fiks: Shorturl service,https://developers.fiks.ks.no/api/shorturl-api-v1.json
KS Fiks: Sist innlogget,https://developers.fiks.ks.no/api/sist-innlogget-api-v1.json
KS Fiks: Smittevern Konfigurasjon Service,https://developers.fiks.ks.no/api/smittevern-konfigurasjon-api-v1.json
KS Fiks: Smittevern Tjenester Service,https://developers.fiks.ks.no/api/smittevern-tjenester-api-v1.json
KS Fiks: SvarUt Adresser Service,https://developers.fiks.ks.no/api/svarut-adresser-api-v1.json
KS Fiks: SvarUt Adresser Service,https://developers.fiks.ks.no/api/svarut-adresser-konfigurasjon-api-v1.json
KS Fiks: SvarUt-meldingindexer,https://developers.fiks.ks.no/api/svarut-meldingindexer-api-v1.json
KS Fiks: Svarut Folkeregister - Hemmelig adresse,https://developers.fiks.ks.no/api/svarut-folkeregister-api-v1.json
KS Fiks: Sysvak,https://developers.fiks.ks.no/api/sysvak-api-v1.json
KS Fiks: Tilskuddsregister,https://developers.fiks.ks.no/api/tilskudd-register-api-v1.json
KS Fiks: Vaksine,https://developers.fiks.ks.no/api/vaksine-api-v1.json
KS Fiks: Vaksineliste konfigurasjon,https://developers.fiks.ks.no/api/vaksineliste-konfigurasjon-api-v1.json
KS Fiks: Vaksineliste,https://developers.fiks.ks.no/api/vaksineliste-api-v1.json
KS Fiks: Varsling konfigurasjon service,https://developers.fiks.ks.no/api/varsling-api-v1.json
KS Fiks: Varsling,https://developers.fiks.ks.no/api/varsling-api-v2.json
KS Fiks: Varsling,https://developers.fiks.ks.no/api/varsling-deliveryreport-api-v1.json
KS Fiks: Varsling,https://developers.fiks.ks.no/api/varsling-email-api-v1.json
KS Fiks: Varsling,https://developers.fiks.ks.no/api/varsling-oppslag-api-v1.json
KS Fiks: Varsling,https://developers.fiks.ks.no/api/varsling-sms-api-v1.json
KS Fiks: Varsling,https://developers.fiks.ks.no/api/varsling-sms-api-v2.json
KS Fiks: Varsling,https://developers.fiks.ks.no/api/varsling-sseevent-api-v2.json
KS Fiks: eDialog,https://developers.fiks.ks.no/api/edialog-innsyn-mottaker-api-v1.json
KS Fiks: eDialog,https://developers.fiks.ks.no/api/edialog-mottaker-api-v1.json
KS Fiks: eDialog,https://developers.fiks.ks.no/api/edialog-skjema-api-v1.json
KS Fiks: eSignering service,https://developers.fiks.ks.no/api/esignering-send-api-v1.json
KS Fiks: eSignering service,https://developers.fiks.ks.no/api/esignering-signer-api-v1.json
KS Hjelpemiddel,https://developers.fiks.ks.no/api/kshjelpemiddel-konfigurasjon-api-v1.json
KS Kunnskap synkronisering konfigurasjon service,https://developers.fiks.ks.no/api/kskunnskap-synkronisering-konfigurasjon-api-v1.json
KS SvarUt: Ekstern referanse-oppslag,https://developers.fiks.ks.no/api/forsendelse-eksternref-api-v2.json
KS SvarUt: Forsendelser pdf maler Service,https://developers.fiks.ks.no/api/manuellforsendelse-api-v1.json
KS SvarUt: Forsendelsetyper API,https://developers.fiks.ks.no/api/forsendelse-typer-api-v2.json
KS SvarUt: Hendelser API,https://developers.fiks.ks.no/api/forsendelse-hendelser-api-v2.json
KS SvarUt: Lest API,https://developers.fiks.ks.no/api/forsendelse-lest-api-v2.json
KS SvarUt: Metadata API,https://developers.fiks.ks.no/api/forsendelse-metadata-api-v2.json
KS SvarUt: Mottaker API,https://developers.fiks.ks.no/api/svarut-mottaker-api-v1.json
KS SvarUt: Mottakersystem-API,https://developers.fiks.ks.no/api/mottakersystem-api-v2.json
KS SvarUt: Organisasjonkonfigurasjon for SvarUt tjeneste,https://developers.fiks.ks.no/api/svarut-konfigurasjon-api-v1.json
KS SvarUt: Root-service,https://developers.fiks.ks.no/api/svarut-konfigurasjon-api-v2.json
KS SvarUt: Send forsendelse-API - UNDER UTVIKLING det vil fortsatt komme endringer,https://developers.fiks.ks.no/api/forsendelse-send-api-v3.json
KS SvarUt: Send forsendelse-API,https://developers.fiks.ks.no/api/forsendelse-send-api-v2.json
KS SvarUt: Slett API,https://developers.fiks.ks.no/api/forsendelse-slett-api-v2.json
KS SvarUt: Status API,https://developers.fiks.ks.no/api/forsendelse-status-api-v2.json
KS SvarUt: SvarInn API V2,https://developers.fiks.ks.no/api/svarinn-api-v2.json
KS SvarUt: SvarInn API,https://developers.fiks.ks.no/api/svarinn-api-v1.json
KS fiks: brukersynkronisering konfigurasjon service,https://developers.fiks.ks.no/api/brukersynkronisering-konfigurasjon-api-v1.json
KS fiks: brukersynkronisering oppslag service,https://developers.fiks.ks.no/api/brukersynkronisering-oppslag-api-v1.json
KS kunnskap - orgstruktur API,https://developers.fiks.ks.no/api/kskunnskap-synkronisering-orgstruktur-api-v1.json
KS kunnskap - statistikk API,https://developers.fiks.ks.no/api/kskunnskap-synkronisering-statistikk-api-v1.json
KS-Digital: brukersynkronisering oppdatering service,https://developers.fiks.ks.no/api/brukersynkronisering-oppdatering-api-v1.json
KSLæring brukersynkronisering,https://developers.fiks.ks.no/api/kslaering-brukersynkronisering-api-v1.json
KSLæring brukersynkronisering,https://developers.fiks.ks.no/api/kslaering-brukersynkronisering-statistikk-api-v1.json
KSLæring brukersynkronisering,https://developers.fiks.ks.no/api/kslaering-brukersynkronisering-synkronisering-api-v1.json
KSLæring konfigurasjon,https://developers.fiks.ks.no/api/kslaering-brukersynkronisering-konfigurasjon-api-v1.json
KSLæring konfigurasjon,https://developers.fiks.ks.no/api/kslaering-konfigurasjon-api-v1.json
Konfigurasjon ekstern synkronisering API,https://developers.fiks.ks.no/api/konfigurasjon-ekstern-synkronisering-api-v1.json
Labdatabasen.Fiks.Api,https://developers.fiks.ks.no/api/Labdatabasen.Fiks.Api.swagger.json
Registerinfo API for støtteregisteret,https://developers.fiks.ks.no/api/brreg-stotteregisteret-api-v1.json
SvarUt,https://developers.fiks.ks.no/api/svarut-api.json
